-- phpMyAdmin SQL Dump
-- version 4.1.12
-- http://www.phpmyadmin.net
--
-- Host: 127.0.0.1
-- Generation Time: May 31, 2014 at 01:01 PM
-- Server version: 5.6.16
-- PHP Version: 5.5.11

SET SQL_MODE = "NO_AUTO_VALUE_ON_ZERO";
SET time_zone = "+00:00";


/*!40101 SET @OLD_CHARACTER_SET_CLIENT=@@CHARACTER_SET_CLIENT */;
/*!40101 SET @OLD_CHARACTER_SET_RESULTS=@@CHARACTER_SET_RESULTS */;
/*!40101 SET @OLD_COLLATION_CONNECTION=@@COLLATION_CONNECTION */;
/*!40101 SET NAMES utf8 */;

--
-- Database: `bitbook`
--

-- --------------------------------------------------------

--
-- Table structure for table `images`
--

CREATE TABLE IF NOT EXISTS `images` (
  `id` int(11) NOT NULL AUTO_INCREMENT,
  `user_id` int(11) NOT NULL,
  `filename` varchar(255) NOT NULL,
  `title` varchar(100) NOT NULL,
  `path` varchar(255) NOT NULL,
  `detail` text NOT NULL,
  `date` int(11) NOT NULL,
  PRIMARY KEY (`id`)
) ENGINE=InnoDB  DEFAULT CHARSET=latin1 AUTO_INCREMENT=24 ;

--
-- Dumping data for table `images`
--

INSERT INTO `images` (`id`, `user_id`, `filename`, `title`, `path`, `detail`, `date`) VALUES
(7, 41, 'green-arrow.jpg', 'green-arrow', 'C:/xampp/htdocs/projects/bitbook/uploads/', '{"file_name":"green-arrow.jpg","file_type":"image\\/jpeg","file_path":"C:\\/xampp\\/htdocs\\/projects\\/bitbook\\/uploads\\/","full_path":"C:\\/xampp\\/htdocs\\/projects\\/bitbook\\/uploads\\/green-arrow.jpg","raw_name":"green-arrow","orig_name":"green-arrow.jpg","client_name":"green-arrow.jpg","file_ext":".jpg","file_size":153.97,"is_image":true,"image_width":500,"image_height":500,"image_type":"jpeg","image_size_str":"width=\\"500\\" height=\\"500\\""}', 1401511594),
(8, 41, 'speedy.jpg', 'speedy', 'C:/xampp/htdocs/projects/bitbook/uploads/', '{"file_name":"speedy.jpg","file_type":"image\\/jpeg","file_path":"C:\\/xampp\\/htdocs\\/projects\\/bitbook\\/uploads\\/","full_path":"C:\\/xampp\\/htdocs\\/projects\\/bitbook\\/uploads\\/speedy.jpg","raw_name":"speedy","orig_name":"speedy.jpg","client_name":"speedy.jpg","file_ext":".jpg","file_size":162.97,"is_image":true,"image_width":500,"image_height":500,"image_type":"jpeg","image_size_str":"width=\\"500\\" height=\\"500\\""}', 1401511663),
(9, 41, 'wallpaper-flash-bb-superhero.png', 'wallpaper-flash-bb-superhero', 'C:/xampp/htdocs/projects/bitbook/uploads/', '{"file_name":"wallpaper-flash-bb-superhero.png","file_type":"image\\/png","file_path":"C:\\/xampp\\/htdocs\\/projects\\/bitbook\\/uploads\\/","full_path":"C:\\/xampp\\/htdocs\\/projects\\/bitbook\\/uploads\\/wallpaper-flash-bb-superhero.png","raw_name":"wallpaper-flash-bb-superhero","orig_name":"wallpaper-flash-bb-superhero.png","client_name":"wallpaper-flash-bb-superhero.png","file_ext":".png","file_size":290,"is_image":true,"image_width":1920,"image_height":1080,"image_type":"png","image_size_str":"width=\\"1920\\" height=\\"1080\\""}', 1401512902),
(10, 41, '1522474_507648202689143_479033341_o.jpg', '1522474_507648202689143_479033341_o', 'C:/xampp/htdocs/projects/bitbook/uploads/', '{"file_name":"1522474_507648202689143_479033341_o.jpg","file_type":"image\\/jpeg","file_path":"C:\\/xampp\\/htdocs\\/projects\\/bitbook\\/uploads\\/","full_path":"C:\\/xampp\\/htdocs\\/projects\\/bitbook\\/uploads\\/1522474_507648202689143_479033341_o.jpg","raw_name":"1522474_507648202689143_479033341_o","orig_name":"1522474_507648202689143_479033341_o.jpg","client_name":"1522474_507648202689143_479033341_o.jpg","file_ext":".jpg","file_size":20.66,"is_image":true,"image_width":696,"image_height":397,"image_type":"jpeg","image_size_str":"width=\\"696\\" height=\\"397\\""}', 1401513189),
(11, 41, 'wallpaper-superman-bb-superhero.png', 'wallpaper-superman-bb-superhero', 'C:/xampp/htdocs/projects/bitbook/uploads/', '{"file_name":"wallpaper-superman-bb-superhero.png","file_type":"image\\/png","file_path":"C:\\/xampp\\/htdocs\\/projects\\/bitbook\\/uploads\\/","full_path":"C:\\/xampp\\/htdocs\\/projects\\/bitbook\\/uploads\\/wallpaper-superman-bb-superhero.png","raw_name":"wallpaper-superman-bb-superhero","orig_name":"wallpaper-superman-bb-superhero.png","client_name":"wallpaper-superman-bb-superhero.png","file_ext":".png","file_size":168.37,"is_image":true,"image_width":1920,"image_height":1080,"image_type":"png","image_size_str":"width=\\"1920\\" height=\\"1080\\""}', 1401513334),
(12, 41, 'tumblr_mjfzh4j0ZB1qjzyxso1_1280.jpg', 'tumblr_mjfzh4j0ZB1qjzyxso1_1280', 'C:/xampp/htdocs/projects/bitbook/uploads/', '{"file_name":"tumblr_mjfzh4j0ZB1qjzyxso1_1280.jpg","file_type":"image\\/jpeg","file_path":"C:\\/xampp\\/htdocs\\/projects\\/bitbook\\/uploads\\/","full_path":"C:\\/xampp\\/htdocs\\/projects\\/bitbook\\/uploads\\/tumblr_mjfzh4j0ZB1qjzyxso1_1280.jpg","raw_name":"tumblr_mjfzh4j0ZB1qjzyxso1_1280","orig_name":"tumblr_mjfzh4j0ZB1qjzyxso1_1280.jpg","client_name":"tumblr_mjfzh4j0ZB1qjzyxso1_1280.jpg","file_ext":".jpg","file_size":206.53,"is_image":true,"image_width":1024,"image_height":576,"image_type":"jpeg","image_size_str":"width=\\"1024\\" height=\\"576\\""}', 1401513406),
(13, 31, 'tumblr_n5fxbvcjBb1qziqawo1_1280.jpg', 'tumblr_n5fxbvcjBb1qziqawo1_1280', 'C:/xampp/htdocs/projects/bitbook/uploads/', '{"file_name":"tumblr_n5fxbvcjBb1qziqawo1_1280.jpg","file_type":"image\\/jpeg","file_path":"C:\\/xampp\\/htdocs\\/projects\\/bitbook\\/uploads\\/","full_path":"C:\\/xampp\\/htdocs\\/projects\\/bitbook\\/uploads\\/tumblr_n5fxbvcjBb1qziqawo1_1280.jpg","raw_name":"tumblr_n5fxbvcjBb1qziqawo1_1280","orig_name":"tumblr_n5fxbvcjBb1qziqawo1_1280.jpg","client_name":"tumblr_n5fxbvcjBb1qziqawo1_1280.jpg","file_ext":".jpg","file_size":70.63,"is_image":true,"image_width":640,"image_height":640,"image_type":"jpeg","image_size_str":"width=\\"640\\" height=\\"640\\""}', 1401522793),
(14, 31, '601043_339568416163790_662556584_n.png', '601043_339568416163790_662556584_n', 'C:/xampp/htdocs/projects/bitbook/uploads/', '{"file_name":"601043_339568416163790_662556584_n.png","file_type":"image\\/png","file_path":"C:\\/xampp\\/htdocs\\/projects\\/bitbook\\/uploads\\/","full_path":"C:\\/xampp\\/htdocs\\/projects\\/bitbook\\/uploads\\/601043_339568416163790_662556584_n.png","raw_name":"601043_339568416163790_662556584_n","orig_name":"601043_339568416163790_662556584_n.png","client_name":"601043_339568416163790_662556584_n.png","file_ext":".png","file_size":61.53,"is_image":true,"image_width":720,"image_height":405,"image_type":"png","image_size_str":"width=\\"720\\" height=\\"405\\""}', 1401522806),
(15, 32, 'j_onn_wallpaper__right__by_yalestewart-d5w9qpp.png', 'j_onn_wallpaper__right__by_yalestewart-d5w9qpp', 'C:/xampp/htdocs/projects/bitbook/uploads/', '{"file_name":"j_onn_wallpaper__right__by_yalestewart-d5w9qpp.png","file_type":"image\\/png","file_path":"C:\\/xampp\\/htdocs\\/projects\\/bitbook\\/uploads\\/","full_path":"C:\\/xampp\\/htdocs\\/projects\\/bitbook\\/uploads\\/j_onn_wallpaper__right__by_yalestewart-d5w9qpp.png","raw_name":"j_onn_wallpaper__right__by_yalestewart-d5w9qpp","orig_name":"j_onn_wallpaper__right__by_yalestewart-d5w9qpp.png","client_name":"j_onn_wallpaper__right__by_yalestewart-d5w9qpp.png","file_ext":".png","file_size":607.11,"is_image":true,"image_width":1920,"image_height":1080,"image_type":"png","image_size_str":"width=\\"1920\\" height=\\"1080\\""}', 1401523823),
(16, 32, 'tumblr_n5j1n18ZQd1qziqawo1_1280.jpg', 'tumblr_n5j1n18ZQd1qziqawo1_1280', 'C:/xampp/htdocs/projects/bitbook/uploads/', '{"file_name":"tumblr_n5j1n18ZQd1qziqawo1_1280.jpg","file_type":"image\\/jpeg","file_path":"C:\\/xampp\\/htdocs\\/projects\\/bitbook\\/uploads\\/","full_path":"C:\\/xampp\\/htdocs\\/projects\\/bitbook\\/uploads\\/tumblr_n5j1n18ZQd1qziqawo1_1280.jpg","raw_name":"tumblr_n5j1n18ZQd1qziqawo1_1280","orig_name":"tumblr_n5j1n18ZQd1qziqawo1_1280.jpg","client_name":"tumblr_n5j1n18ZQd1qziqawo1_1280.jpg","file_ext":".jpg","file_size":82.83,"is_image":true,"image_width":640,"image_height":640,"image_type":"jpeg","image_size_str":"width=\\"640\\" height=\\"640\\""}', 1401523840),
(17, 41, 'tumblr_n5qbvbNvVT1qziqawo1_1280.jpg', 'tumblr_n5qbvbNvVT1qziqawo1_1280', 'C:/xampp/htdocs/projects/bitbook/uploads/', '{"file_name":"tumblr_n5qbvbNvVT1qziqawo1_1280.jpg","file_type":"image\\/jpeg","file_path":"C:\\/xampp\\/htdocs\\/projects\\/bitbook\\/uploads\\/","full_path":"C:\\/xampp\\/htdocs\\/projects\\/bitbook\\/uploads\\/tumblr_n5qbvbNvVT1qziqawo1_1280.jpg","raw_name":"tumblr_n5qbvbNvVT1qziqawo1_1280","orig_name":"tumblr_n5qbvbNvVT1qziqawo1_1280.jpg","client_name":"tumblr_n5qbvbNvVT1qziqawo1_1280.jpg","file_ext":".jpg","file_size":98.24,"is_image":true,"image_width":637,"image_height":416,"image_type":"jpeg","image_size_str":"width=\\"637\\" height=\\"416\\""}', 1401528283),
(18, 41, 'tumblr_n5qbvbNvVT1qziqawo1_12801.jpg', 'tumblr_n5qbvbNvVT1qziqawo1_12801', 'C:/xampp/htdocs/projects/bitbook/uploads/', '{"file_name":"tumblr_n5qbvbNvVT1qziqawo1_12801.jpg","file_type":"image\\/jpeg","file_path":"C:\\/xampp\\/htdocs\\/projects\\/bitbook\\/uploads\\/","full_path":"C:\\/xampp\\/htdocs\\/projects\\/bitbook\\/uploads\\/tumblr_n5qbvbNvVT1qziqawo1_12801.jpg","raw_name":"tumblr_n5qbvbNvVT1qziqawo1_12801","orig_name":"tumblr_n5qbvbNvVT1qziqawo1_1280.jpg","client_name":"tumblr_n5qbvbNvVT1qziqawo1_1280.jpg","file_ext":".jpg","file_size":98.24,"is_image":true,"image_width":637,"image_height":416,"image_type":"jpeg","image_size_str":"width=\\"637\\" height=\\"416\\""}', 1401528308),
(19, 42, 'red-arrow.jpg', 'red-arrow', 'C:/xampp/htdocs/projects/bitbook/uploads/', '{"file_name":"red-arrow.jpg","file_type":"image\\/jpeg","file_path":"C:\\/xampp\\/htdocs\\/projects\\/bitbook\\/uploads\\/","full_path":"C:\\/xampp\\/htdocs\\/projects\\/bitbook\\/uploads\\/red-arrow.jpg","raw_name":"red-arrow","orig_name":"red-arrow.jpg","client_name":"red-arrow.jpg","file_ext":".jpg","file_size":216.47,"is_image":true,"image_width":500,"image_height":500,"image_type":"jpeg","image_size_str":"width=\\"500\\" height=\\"500\\""}', 1401528992),
(20, 42, 'bruce_wallpaper__right__by_yalestewart-d5qfu12.png', 'bruce_wallpaper__right__by_yalestewart-d5qfu12', 'C:/xampp/htdocs/projects/bitbook/uploads/', '{"file_name":"bruce_wallpaper__right__by_yalestewart-d5qfu12.png","file_type":"image\\/png","file_path":"C:\\/xampp\\/htdocs\\/projects\\/bitbook\\/uploads\\/","full_path":"C:\\/xampp\\/htdocs\\/projects\\/bitbook\\/uploads\\/bruce_wallpaper__right__by_yalestewart-d5qfu12.png","raw_name":"bruce_wallpaper__right__by_yalestewart-d5qfu12","orig_name":"bruce_wallpaper__right__by_yalestewart-d5qfu12.png","client_name":"bruce_wallpaper__right__by_yalestewart-d5qfu12.png","file_ext":".png","file_size":244.79,"is_image":true,"image_width":1920,"image_height":1080,"image_type":"png","image_size_str":"width=\\"1920\\" height=\\"1080\\""}', 1401529011),
(21, 42, 'hal_wallpaper__right__by_yalestewart-d5qjcgz.png', 'hal_wallpaper__right__by_yalestewart-d5qjcgz', 'C:/xampp/htdocs/projects/bitbook/uploads/', '{"file_name":"hal_wallpaper__right__by_yalestewart-d5qjcgz.png","file_type":"image\\/png","file_path":"C:\\/xampp\\/htdocs\\/projects\\/bitbook\\/uploads\\/","full_path":"C:\\/xampp\\/htdocs\\/projects\\/bitbook\\/uploads\\/hal_wallpaper__right__by_yalestewart-d5qjcgz.png","raw_name":"hal_wallpaper__right__by_yalestewart-d5qjcgz","orig_name":"hal_wallpaper__right__by_yalestewart-d5qjcgz.png","client_name":"hal_wallpaper__right__by_yalestewart-d5qjcgz.png","file_ext":".png","file_size":198.48,"is_image":true,"image_width":1920,"image_height":1080,"image_type":"png","image_size_str":"width=\\"1920\\" height=\\"1080\\""}', 1401529126),
(22, 42, 'bat-et-robin.png', 'bat-et-robin', 'C:/xampp/htdocs/projects/bitbook/uploads/', '{"file_name":"bat-et-robin.png","file_type":"image\\/png","file_path":"C:\\/xampp\\/htdocs\\/projects\\/bitbook\\/uploads\\/","full_path":"C:\\/xampp\\/htdocs\\/projects\\/bitbook\\/uploads\\/bat-et-robin.png","raw_name":"bat-et-robin","orig_name":"bat-et-robin.png","client_name":"bat-et-robin.png","file_ext":".png","file_size":53.75,"is_image":true,"image_width":600,"image_height":338,"image_type":"png","image_size_str":"width=\\"600\\" height=\\"338\\""}', 1401529262),
(23, 42, 'the-flash2.jpg', 'the-flash2', 'C:/xampp/htdocs/projects/bitbook/uploads/', '{"file_name":"the-flash2.jpg","file_type":"image\\/jpeg","file_path":"C:\\/xampp\\/htdocs\\/projects\\/bitbook\\/uploads\\/","full_path":"C:\\/xampp\\/htdocs\\/projects\\/bitbook\\/uploads\\/the-flash2.jpg","raw_name":"the-flash2","orig_name":"the-flash2.jpg","client_name":"the-flash2.jpg","file_ext":".jpg","file_size":167.03,"is_image":true,"image_width":500,"image_height":500,"image_type":"jpeg","image_size_str":"width=\\"500\\" height=\\"500\\""}', 1401529346);

-- --------------------------------------------------------

--
-- Table structure for table `post`
--

CREATE TABLE IF NOT EXISTS `post` (
  `id` int(11) NOT NULL AUTO_INCREMENT,
  `user_id` int(11) NOT NULL,
  `post` text NOT NULL,
  `post_image` text NOT NULL,
  `like` text NOT NULL,
  `date` int(11) NOT NULL,
  PRIMARY KEY (`id`),
  UNIQUE KEY `id` (`id`)
) ENGINE=InnoDB  DEFAULT CHARSET=latin1 AUTO_INCREMENT=321 ;

--
-- Dumping data for table `post`
--

INSERT INTO `post` (`id`, `user_id`, `post`, `post_image`, `like`, `date`) VALUES
(1, 41, '''the actual post again! ;)''', '''[1,2,2]''', '''{\\"count\\":10,\\"user\\":{\\"id\\":1,\\"displayname\\":\\"the username\\"}}''', 1401440477),
(2, 35, '''Vel sed voluptatum vel qui inventore vel sapiente.''', '''[1,2,2]''', '''{\\"count\\":[6],\\"user\\":{\\"id\\":[8],\\"displayname\\":\\"kgleason\\"}}''', 1401448998),
(3, 40, '''Error nisi quod itaque molestiae sed.''', '''[1,2,2]''', '''{\\"count\\":[10],\\"user\\":{\\"id\\":[14],\\"displayname\\":\\"uauer\\"}}''', 1401483146),
(4, 34, '''Rem placeat nam exercitationem itaque id.''', '''[1,2,2]''', '''{\\"count\\":[10],\\"user\\":{\\"id\\":[5],\\"displayname\\":\\"erica.hodkiewicz\\"}}''', 1401479673),
(5, 39, '''Voluptate officia omnis earum modi voluptatem rerum qui eos.''', '''[1,2,2]''', '''{\\"count\\":[5],\\"user\\":{\\"id\\":[12],\\"displayname\\":\\"jaycee22\\"}}''', 1401472803),
(6, 41, '''Ipsum quibusdam quibusdam tempora voluptate sed saepe ratione autem.''', '''[1,2,2]''', '''{\\"count\\":[11],\\"user\\":{\\"id\\":[7],\\"displayname\\":\\"wfranecki\\"}}''', 1401480206),
(7, 37, '''Qui quia omnis eveniet ducimus nisi nulla.''', '''[1,2,2]''', '''{\\"count\\":[6],\\"user\\":{\\"id\\":[5],\\"displayname\\":\\"lukas.rolfson\\"}}''', 1401445707),
(8, 31, '''Nisi velit dolores cumque molestias iure sint aut sed.''', '''[1,2,2]''', '''{\\"count\\":[10],\\"user\\":{\\"id\\":[5],\\"displayname\\":\\"gibson.webster\\"}}''', 1401456047),
(9, 36, '''Est exercitationem sequi quo porro.''', '''[1,2,2]''', '''{\\"count\\":[4],\\"user\\":{\\"id\\":[5],\\"displayname\\":\\"ankunding.golda\\"}}''', 1401477984),
(10, 33, '''In doloremque omnis nulla aspernatur cum sunt.''', '''[1,2,2]''', '''{\\"count\\":[12],\\"user\\":{\\"id\\":[10],\\"displayname\\":\\"orion.kassulke\\"}}''', 1401471595),
(11, 38, '''Omnis voluptas sint aut quo unde commodi sunt.''', '''[1,2,2]''', '''{\\"count\\":[6],\\"user\\":{\\"id\\":[19],\\"displayname\\":\\"rau.amos\\"}}''', 1401459481),
(12, 31, '''Aut ab sit et sit dolore totam.''', '''[1,2,2]''', '''{\\"count\\":[4],\\"user\\":{\\"id\\":[10],\\"displayname\\":\\"jaylen36\\"}}''', 1401472272),
(13, 37, '''Eaque sit sed quis ratione ratione sunt.''', '''[1,2,2]''', '''{\\"count\\":[9],\\"user\\":{\\"id\\":[13],\\"displayname\\":\\"yhamill\\"}}''', 1401445890),
(15, 41, '''Ab rerum rem nostrum architecto.''', '''[1,2,2]''', '''{\\"count\\":[3],\\"user\\":{\\"id\\":[9],\\"displayname\\":\\"kyler56\\"}}''', 1401466592),
(16, 32, '''Ad sed rem vel asperiores sunt error.''', '''[1,2,2]''', '''{\\"count\\":[7],\\"user\\":{\\"id\\":[5],\\"displayname\\":\\"jason.cartwright\\"}}''', 1401462222),
(17, 35, '''Sed sit quasi dolores laboriosam.''', '''[1,2,2]''', '''{\\"count\\":[6],\\"user\\":{\\"id\\":[3],\\"displayname\\":\\"willms.delores\\"}}''', 1401452232),
(18, 32, '''Veniam laborum voluptates amet earum dolorum voluptate.''', '''[1,2,2]''', '''{\\"count\\":[8],\\"user\\":{\\"id\\":[10],\\"displayname\\":\\"schinner.armand\\"}}''', 1401488055),
(19, 32, '''Eius saepe minus eveniet eos soluta.''', '''[1,2,2]''', '''{\\"count\\":[10],\\"user\\":{\\"id\\":[13],\\"displayname\\":\\"christina.purdy\\"}}''', 1401486627),
(20, 33, '''Cupiditate voluptatem et nulla minima ad culpa.''', '''[1,2,2]''', '''{\\"count\\":[14],\\"user\\":{\\"id\\":[6],\\"displayname\\":\\"antwon36\\"}}''', 1401466778),
(21, 32, '''Eum asperiores id voluptas esse ea.''', '''[1,2,2]''', '''{\\"count\\":[3],\\"user\\":{\\"id\\":[8],\\"displayname\\":\\"o\\''hara.joshua\\"}}''', 1401465446),
(22, 32, '''Consequatur eligendi ut non quis dolorum.''', '''[1,2,2]''', '''{\\"count\\":[10],\\"user\\":{\\"id\\":[19],\\"displayname\\":\\"vfisher\\"}}''', 1401483548),
(23, 33, '''Rerum pariatur consequatur ea.''', '''[1,2,2]''', '''{\\"count\\":[6],\\"user\\":{\\"id\\":[5],\\"displayname\\":\\"kip.king\\"}}''', 1401471915),
(24, 31, '''Ipsa labore rerum aut illo.''', '''[1,2,2]''', '''{\\"count\\":[8],\\"user\\":{\\"id\\":[2],\\"displayname\\":\\"mollie91\\"}}''', 1401443639),
(25, 32, '''Doloremque quo praesentium totam veritatis facere nihil laudantium.''', '''[1,2,2]''', '''{\\"count\\":[7],\\"user\\":{\\"id\\":[8],\\"displayname\\":\\"anderson.buster\\"}}''', 1401449618),
(26, 32, '''Qui rerum voluptatibus minus magnam.''', '''[1,2,2]''', '''{\\"count\\":[2],\\"user\\":{\\"id\\":[19],\\"displayname\\":\\"natalia46\\"}}''', 1401458811),
(27, 36, '''Ratione velit quo nesciunt incidunt.''', '''[1,2,2]''', '''{\\"count\\":[4],\\"user\\":{\\"id\\":[10],\\"displayname\\":\\"hahn.agnes\\"}}''', 1401445941),
(28, 41, '''Et quae quo impedit ipsum est.''', '''[1,2,2]''', '''{\\"count\\":[8],\\"user\\":{\\"id\\":[6],\\"displayname\\":\\"verner.trantow\\"}}''', 1401459259),
(29, 41, '''Ut est et consequatur dolore.''', '''[1,2,2]''', '''{\\"count\\":[3],\\"user\\":{\\"id\\":[7],\\"displayname\\":\\"dannie42\\"}}''', 1401473691),
(30, 31, '''Enim voluptates dicta amet enim.''', '''[1,2,2]''', '''{\\"count\\":[5],\\"user\\":{\\"id\\":[14],\\"displayname\\":\\"rath.hertha\\"}}''', 1401443772),
(31, 39, '''Sed a ea excepturi.''', '''[1,2,2]''', '''{\\"count\\":[7],\\"user\\":{\\"id\\":[1],\\"displayname\\":\\"vhomenick\\"}}''', 1401447885),
(32, 40, '''Beatae qui dolore ullam nam.''', '''[1,2,2]''', '''{\\"count\\":[10],\\"user\\":{\\"id\\":[2],\\"displayname\\":\\"wiza.karianne\\"}}''', 1401450852),
(33, 36, '''Id enim deserunt eligendi quasi asperiores nihil incidunt.''', '''[1,2,2]''', '''{\\"count\\":[4],\\"user\\":{\\"id\\":[3],\\"displayname\\":\\"bcummerata\\"}}''', 1401472125),
(34, 39, '''Quia sed facilis consequatur voluptatum in illum.''', '''[1,2,2]''', '''{\\"count\\":[9],\\"user\\":{\\"id\\":[7],\\"displayname\\":\\"rhomenick\\"}}''', 1401480488),
(35, 35, '''Veritatis non non reprehenderit est natus.''', '''[1,2,2]''', '''{\\"count\\":[13],\\"user\\":{\\"id\\":[13],\\"displayname\\":\\"harris.alf\\"}}''', 1401473324),
(36, 33, '''Odio non autem accusantium.''', '''[1,2,2]''', '''{\\"count\\":[13],\\"user\\":{\\"id\\":[13],\\"displayname\\":\\"ayla.white\\"}}''', 1401455491),
(37, 38, '''Rem exercitationem error quia corporis.''', '''[1,2,2]''', '''{\\"count\\":[13],\\"user\\":{\\"id\\":[6],\\"displayname\\":\\"verna95\\"}}''', 1401487187),
(38, 31, '''Est consequuntur dicta necessitatibus rerum itaque ut.''', '''[1,2,2]''', '''{\\"count\\":[9],\\"user\\":{\\"id\\":[8],\\"displayname\\":\\"bryana.cummerata\\"}}''', 1401475904),
(39, 38, '''Autem aut vitae consectetur sed doloremque.''', '''[1,2,2]''', '''{\\"count\\":[13],\\"user\\":{\\"id\\":[14],\\"displayname\\":\\"gusikowski.mckayla\\"}}''', 1401470819),
(40, 34, '''Est in occaecati molestiae.''', '''[1,2,2]''', '''{\\"count\\":[8],\\"user\\":{\\"id\\":[9],\\"displayname\\":\\"lang.valerie\\"}}''', 1401474452),
(41, 41, '''Suscipit assumenda aperiam soluta architecto reiciendis.''', '''[1,2,2]''', '''{\\"count\\":[5],\\"user\\":{\\"id\\":[13],\\"displayname\\":\\"rbatz\\"}}''', 1401469895),
(42, 41, '''Id sed temporibus ducimus.''', '''[1,2,2]''', '''{\\"count\\":[1],\\"user\\":{\\"id\\":[9],\\"displayname\\":\\"nikita.jast\\"}}''', 1401480674),
(43, 36, '''Rerum id officia quos harum.''', '''[1,2,2]''', '''{\\"count\\":[9],\\"user\\":{\\"id\\":[19],\\"displayname\\":\\"fern.kessler\\"}}''', 1401457434),
(44, 35, '''Hic iusto ex enim dolorum officiis nihil.''', '''[1,2,2]''', '''{\\"count\\":[10],\\"user\\":{\\"id\\":[4],\\"displayname\\":\\"emanuel71\\"}}''', 1401486546),
(45, 38, '''Autem non soluta dolor unde alias debitis.''', '''[1,2,2]''', '''{\\"count\\":[7],\\"user\\":{\\"id\\":[11],\\"displayname\\":\\"jacinthe63\\"}}''', 1401452887),
(46, 33, '''Sed aut assumenda distinctio asperiores cupiditate molestiae.''', '''[1,2,2]''', '''{\\"count\\":[3],\\"user\\":{\\"id\\":[2],\\"displayname\\":\\"iledner\\"}}''', 1401488791),
(47, 36, '''Odio harum reiciendis nulla in nostrum asperiores.''', '''[1,2,2]''', '''{\\"count\\":[19],\\"user\\":{\\"id\\":[7],\\"displayname\\":\\"paul59\\"}}''', 1401445429),
(48, 35, '''Et ut qui a quibusdam autem occaecati.''', '''[1,2,2]''', '''{\\"count\\":[14],\\"user\\":{\\"id\\":[19],\\"displayname\\":\\"oswald.reichert\\"}}''', 1401440491),
(49, 40, '''Inventore in quis omnis nisi quam ipsam facere.''', '''[1,2,2]''', '''{\\"count\\":[12],\\"user\\":{\\"id\\":[8],\\"displayname\\":\\"adelia25\\"}}''', 1401453947),
(50, 37, '''Sit et ipsum aliquam.''', '''[1,2,2]''', '''{\\"count\\":[3],\\"user\\":{\\"id\\":[11],\\"displayname\\":\\"petra.reichel\\"}}''', 1401465343),
(51, 33, '''Est impedit velit aliquid non.''', '''[1,2,2]''', '''{\\"count\\":[6],\\"user\\":{\\"id\\":[9],\\"displayname\\":\\"bjones\\"}}''', 1401468279),
(52, 31, '''Autem harum voluptatem praesentium.''', '''[1,2,2]''', '''{\\"count\\":[1],\\"user\\":{\\"id\\":[1],\\"displayname\\":\\"myah.fritsch\\"}}''', 1401474213),
(53, 36, '''Eius corporis nihil cupiditate quisquam rerum sed.''', '''[1,2,2]''', '''{\\"count\\":[14],\\"user\\":{\\"id\\":[11],\\"displayname\\":\\"lorna.schimmel\\"}}''', 1401442502),
(54, 37, '''Maxime aut similique est commodi consequatur itaque ducimus nam.''', '''[1,2,2]''', '''{\\"count\\":[6],\\"user\\":{\\"id\\":[6],\\"displayname\\":\\"hskiles\\"}}''', 1401446363),
(55, 41, '''Molestias nostrum tenetur vel pariatur quasi.''', '''[1,2,2]''', '''{\\"count\\":[5],\\"user\\":{\\"id\\":[10],\\"displayname\\":\\"fermin69\\"}}''', 1401465616),
(56, 38, '''Sed omnis et unde occaecati maxime.''', '''[1,2,2]''', '''{\\"count\\":[11],\\"user\\":{\\"id\\":[9],\\"displayname\\":\\"fanny.berge\\"}}''', 1401452283),
(57, 39, '''Repellat autem repellendus eaque velit.''', '''[1,2,2]''', '''{\\"count\\":[14],\\"user\\":{\\"id\\":[12],\\"displayname\\":\\"nicolas.daugherty\\"}}''', 1401453550),
(58, 34, '''Facere molestiae quisquam alias cumque nam.''', '''[1,2,2]''', '''{\\"count\\":[3],\\"user\\":{\\"id\\":[11],\\"displayname\\":\\"o\\''conner.therese\\"}}''', 1401445358),
(59, 32, '''Aut asperiores perspiciatis aut eum quo minima.''', '''[1,2,2]''', '''{\\"count\\":[10],\\"user\\":{\\"id\\":[19],\\"displayname\\":\\"howe.mohammed\\"}}''', 1401443540),
(60, 31, '''Adipisci sit neque reprehenderit dolorem.''', '''[1,2,2]''', '''{\\"count\\":[11],\\"user\\":{\\"id\\":[8],\\"displayname\\":\\"kathleen.kutch\\"}}''', 1401481322),
(61, 41, '''Corrupti nulla natus sed aspernatur velit.''', '''[1,2,2]''', '''{\\"count\\":[13],\\"user\\":{\\"id\\":[10],\\"displayname\\":\\"hoeger.percival\\"}}''', 1401476127),
(62, 34, '''Eius provident ipsa ipsum.''', '''[1,2,2]''', '''{\\"count\\":[4],\\"user\\":{\\"id\\":[11],\\"displayname\\":\\"veda31\\"}}''', 1401470716),
(63, 33, '''Dolor amet expedita similique maxime hic.''', '''[1,2,2]''', '''{\\"count\\":[9],\\"user\\":{\\"id\\":[4],\\"displayname\\":\\"leonora41\\"}}''', 1401467673),
(64, 33, '''Ipsa aut odio sit placeat.''', '''[1,2,2]''', '''{\\"count\\":[3],\\"user\\":{\\"id\\":[9],\\"displayname\\":\\"brekke.maggie\\"}}''', 1401450032),
(65, 35, '''Enim cupiditate quo omnis commodi molestias eius vitae.''', '''[1,2,2]''', '''{\\"count\\":[11],\\"user\\":{\\"id\\":[6],\\"displayname\\":\\"ronny.nikolaus\\"}}''', 1401458260),
(66, 38, '''Voluptas est consequuntur nesciunt veritatis.''', '''[1,2,2]''', '''{\\"count\\":[9],\\"user\\":{\\"id\\":[11],\\"displayname\\":\\"marielle.shanahan\\"}}''', 1401478055),
(67, 41, '''Rerum dolores ea ipsam delectus ea.''', '''[1,2,2]''', '''{\\"count\\":[8],\\"user\\":{\\"id\\":[11],\\"displayname\\":\\"lakin.talon\\"}}''', 1401487093),
(68, 31, '''Aut porro id dicta molestias rerum blanditiis consequatur.''', '''[1,2,2]''', '''{\\"count\\":[3],\\"user\\":{\\"id\\":[3],\\"displayname\\":\\"qstark\\"}}''', 1401488182),
(69, 34, '''Possimus nemo expedita sint omnis tempore perspiciatis.''', '''[1,2,2]''', '''{\\"count\\":[12],\\"user\\":{\\"id\\":[7],\\"displayname\\":\\"hayden.homenick\\"}}''', 1401448513),
(70, 37, '''Beatae tempore dignissimos itaque quia.''', '''[1,2,2]''', '''{\\"count\\":[12],\\"user\\":{\\"id\\":[12],\\"displayname\\":\\"effertz.adrien\\"}}''', 1401451829),
(71, 33, '''Labore dolore voluptatibus vel.''', '''[1,2,2]''', '''{\\"count\\":[13],\\"user\\":{\\"id\\":[14],\\"displayname\\":\\"amina82\\"}}''', 1401452004),
(72, 32, '''Dolores cumque eum enim reiciendis voluptatem repellat laudantium.''', '''[1,2,2]''', '''{\\"count\\":[2],\\"user\\":{\\"id\\":[8],\\"displayname\\":\\"lbins\\"}}''', 1401453853),
(73, 39, '''Rerum ut consequatur eos quam soluta delectus nostrum.''', '''[1,2,2]''', '''{\\"count\\":[6],\\"user\\":{\\"id\\":[8],\\"displayname\\":\\"trantow.davon\\"}}''', 1401443318),
(74, 40, '''Eveniet assumenda perspiciatis velit et aut laborum.''', '''[1,2,2]''', '''{\\"count\\":[8],\\"user\\":{\\"id\\":[13],\\"displayname\\":\\"elmer30\\"}}''', 1401478131),
(75, 37, '''Repudiandae et quaerat dolor neque voluptate repellat doloremque.''', '''[1,2,2]''', '''{\\"count\\":[11],\\"user\\":{\\"id\\":[12],\\"displayname\\":\\"freddie53\\"}}''', 1401440188),
(76, 39, '''Asperiores ab cupiditate quasi consequuntur.''', '''[1,2,2]''', '''{\\"count\\":[9],\\"user\\":{\\"id\\":[3],\\"displayname\\":\\"judah93\\"}}''', 1401466037),
(77, 33, '''Quae dolore cum placeat mollitia.''', '''[1,2,2]''', '''{\\"count\\":[14],\\"user\\":{\\"id\\":[4],\\"displayname\\":\\"andreane.schiller\\"}}''', 1401470654),
(78, 35, '''Sapiente ipsam sunt et labore modi et et.''', '''[1,2,2]''', '''{\\"count\\":[5],\\"user\\":{\\"id\\":[11],\\"displayname\\":\\"talia.thiel\\"}}''', 1401446506),
(79, 33, '''Dolor alias voluptates nobis harum vel rerum aperiam.''', '''[1,2,2]''', '''{\\"count\\":[6],\\"user\\":{\\"id\\":[9],\\"displayname\\":\\"xmonahan\\"}}''', 1401473099),
(80, 34, '''Quidem iste dolores numquam.''', '''[1,2,2]''', '''{\\"count\\":[19],\\"user\\":{\\"id\\":[12],\\"displayname\\":\\"vladimir.schamberger\\"}}''', 1401452102),
(81, 35, '''Animi ratione eum ut nihil non est et.''', '''[1,2,2]''', '''{\\"count\\":[4],\\"user\\":{\\"id\\":[1],\\"displayname\\":\\"wava09\\"}}''', 1401487920),
(82, 41, '''Omnis et ut distinctio voluptas.''', '''[1,2,2]''', '''{\\"count\\":[6],\\"user\\":{\\"id\\":[4],\\"displayname\\":\\"sspinka\\"}}''', 1401479673),
(83, 36, '''Atque repellendus dicta tempora vitae veritatis optio vel.''', '''[1,2,2]''', '''{\\"count\\":[8],\\"user\\":{\\"id\\":[3],\\"displayname\\":\\"goldner.rudolph\\"}}''', 1401469892),
(84, 31, '''Fuga qui cumque ex aspernatur qui.''', '''[1,2,2]''', '''{\\"count\\":[11],\\"user\\":{\\"id\\":[10],\\"displayname\\":\\"murray.jerrold\\"}}''', 1401465373),
(85, 35, '''Laborum totam magni voluptas.''', '''[1,2,2]''', '''{\\"count\\":[12],\\"user\\":{\\"id\\":[2],\\"displayname\\":\\"xhegmann\\"}}''', 1401444207),
(86, 31, '''Iste aut dolorem optio inventore earum velit.''', '''[1,2,2]''', '''{\\"count\\":[9],\\"user\\":{\\"id\\":[9],\\"displayname\\":\\"candida.halvorson\\"}}''', 1401486273),
(87, 39, '''Est aperiam non velit ab atque tempore.''', '''[1,2,2]''', '''{\\"count\\":[8],\\"user\\":{\\"id\\":[4],\\"displayname\\":\\"berge.clare\\"}}''', 1401462906),
(88, 35, '''Soluta qui enim quia aliquam neque ducimus.''', '''[1,2,2]''', '''{\\"count\\":[4],\\"user\\":{\\"id\\":[4],\\"displayname\\":\\"jaycee.hackett\\"}}''', 1401488564),
(89, 37, '''Sunt ut optio impedit accusantium delectus esse.''', '''[1,2,2]''', '''{\\"count\\":[8],\\"user\\":{\\"id\\":[4],\\"displayname\\":\\"msauer\\"}}''', 1401472460),
(90, 41, '''Aut inventore eius veniam quo ex autem itaque.''', '''[1,2,2]''', '''{\\"count\\":[13],\\"user\\":{\\"id\\":[11],\\"displayname\\":\\"therzog\\"}}''', 1401444183),
(91, 33, '''Exercitationem perspiciatis dignissimos magnam.''', '''[1,2,2]''', '''{\\"count\\":[19],\\"user\\":{\\"id\\":[4],\\"displayname\\":\\"xcummings\\"}}''', 1401452476),
(92, 34, '''Nam reiciendis et nam assumenda sunt iusto deserunt.''', '''[1,2,2]''', '''{\\"count\\":[6],\\"user\\":{\\"id\\":[9],\\"displayname\\":\\"arne.braun\\"}}''', 1401458679),
(93, 35, '''Quibusdam magnam id totam ipsa.''', '''[1,2,2]''', '''{\\"count\\":[12],\\"user\\":{\\"id\\":[2],\\"displayname\\":\\"gerald36\\"}}''', 1401457084),
(94, 34, '''Quidem itaque temporibus aliquam.''', '''[1,2,2]''', '''{\\"count\\":[4],\\"user\\":{\\"id\\":[2],\\"displayname\\":\\"smitchell\\"}}''', 1401462203),
(95, 37, '''Facere voluptas non autem iure officiis sequi expedita.''', '''[1,2,2]''', '''{\\"count\\":[4],\\"user\\":{\\"id\\":[6],\\"displayname\\":\\"stiedemann.lilyan\\"}}''', 1401444269),
(96, 38, '''Minus dicta laboriosam omnis occaecati.''', '''[1,2,2]''', '''{\\"count\\":[6],\\"user\\":{\\"id\\":[10],\\"displayname\\":\\"reanna.sipes\\"}}''', 1401463069),
(97, 39, '''Aperiam omnis illo aut aliquam aut porro qui.''', '''[1,2,2]''', '''{\\"count\\":[7],\\"user\\":{\\"id\\":[7],\\"displayname\\":\\"astiedemann\\"}}''', 1401485218),
(98, 41, '''Harum reprehenderit recusandae natus vero qui dolor.''', '''[1,2,2]''', '''{\\"count\\":[1],\\"user\\":{\\"id\\":[8],\\"displayname\\":\\"doyle.clemens\\"}}''', 1401484275),
(99, 31, '''Et consectetur et hic laboriosam quas.''', '''[1,2,2]''', '''{\\"count\\":[12],\\"user\\":{\\"id\\":[11],\\"displayname\\":\\"elna.dibbert\\"}}''', 1401453656),
(100, 35, '''Delectus magni rerum molestias ea.''', '''[1,2,2]''', '''{\\"count\\":[8],\\"user\\":{\\"id\\":[6],\\"displayname\\":\\"qweimann\\"}}''', 1401452521),
(101, 39, '''Cumque esse non officiis sapiente.''', '''[1,2,2]''', '''{\\"count\\":[10],\\"user\\":{\\"id\\":[14],\\"displayname\\":\\"evans27\\"}}''', 1401469093),
(102, 40, '''Dolore eaque rerum ducimus voluptatem.''', '''[1,2,2]''', '''{\\"count\\":[13],\\"user\\":{\\"id\\":[9],\\"displayname\\":\\"uwindler\\"}}''', 1401460180),
(103, 32, '''Sit enim modi voluptas soluta quas saepe ipsa sit.''', '''[1,2,2]''', '''{\\"count\\":[2],\\"user\\":{\\"id\\":[8],\\"displayname\\":\\"gus46\\"}}''', 1401476144),
(104, 40, '''Nihil totam doloremque non beatae in blanditiis nihil.''', '''[1,2,2]''', '''{\\"count\\":[6],\\"user\\":{\\"id\\":[8],\\"displayname\\":\\"amelia.bogan\\"}}''', 1401447359),
(105, 41, '''Maxime occaecati maiores corporis in eligendi modi.''', '''[1,2,2]''', '''{\\"count\\":[11],\\"user\\":{\\"id\\":[4],\\"displayname\\":\\"seth19\\"}}''', 1401451691),
(106, 35, '''Sequi magnam suscipit quibusdam qui numquam dolor enim eius.''', '''[1,2,2]''', '''{\\"count\\":[10],\\"user\\":{\\"id\\":[13],\\"displayname\\":\\"mberge\\"}}''', 1401448485),
(107, 36, '''Aspernatur nihil ut dolorem voluptatem.''', '''[1,2,2]''', '''{\\"count\\":[19],\\"user\\":{\\"id\\":[9],\\"displayname\\":\\"dan73\\"}}''', 1401486032),
(108, 40, '''Accusamus mollitia ratione porro pariatur itaque.''', '''[1,2,2]''', '''{\\"count\\":[19],\\"user\\":{\\"id\\":[9],\\"displayname\\":\\"zhayes\\"}}''', 1401486003),
(109, 31, '''Aperiam qui nemo officiis qui mollitia possimus amet velit.''', '''[1,2,2]''', '''{\\"count\\":[13],\\"user\\":{\\"id\\":[6],\\"displayname\\":\\"hattie.schaefer\\"}}''', 1401470872),
(110, 34, '''Consequatur inventore illum id.''', '''[1,2,2]''', '''{\\"count\\":[12],\\"user\\":{\\"id\\":[2],\\"displayname\\":\\"hansen.dorothea\\"}}''', 1401473981),
(111, 40, '''Sit aut quam excepturi et voluptatem.''', '''[1,2,2]''', '''{\\"count\\":[19],\\"user\\":{\\"id\\":[10],\\"displayname\\":\\"uerdman\\"}}''', 1401449565),
(112, 41, '''In quas eum sunt ea.''', '''[1,2,2]''', '''{\\"count\\":[11],\\"user\\":{\\"id\\":[10],\\"displayname\\":\\"jan.little\\"}}''', 1401463609),
(113, 39, '''Corrupti asperiores et alias deserunt aut.''', '''[1,2,2]''', '''{\\"count\\":[11],\\"user\\":{\\"id\\":[8],\\"displayname\\":\\"qwisozk\\"}}''', 1401460433),
(114, 40, '''Qui eaque repellendus recusandae ducimus.''', '''[1,2,2]''', '''{\\"count\\":[9],\\"user\\":{\\"id\\":[13],\\"displayname\\":\\"fadel.micheal\\"}}''', 1401470590),
(115, 39, '''Numquam ipsum repellat enim quia.''', '''[1,2,2]''', '''{\\"count\\":[5],\\"user\\":{\\"id\\":[2],\\"displayname\\":\\"kara.wunsch\\"}}''', 1401479912),
(116, 33, '''Minima aut sunt quo sint ullam doloribus vel.''', '''[1,2,2]''', '''{\\"count\\":[10],\\"user\\":{\\"id\\":[6],\\"displayname\\":\\"norma22\\"}}''', 1401460751),
(117, 34, '''Rerum molestiae vel aut quae repellendus totam.''', '''[1,2,2]''', '''{\\"count\\":[1],\\"user\\":{\\"id\\":[5],\\"displayname\\":\\"ozella.farrell\\"}}''', 1401460450),
(118, 41, '''Molestiae nostrum asperiores cupiditate ipsum eum non.''', '''[1,2,2]''', '''{\\"count\\":[14],\\"user\\":{\\"id\\":[6],\\"displayname\\":\\"queen.prosacco\\"}}''', 1401442339),
(119, 34, '''Officiis quis libero quibusdam nisi accusantium corporis et.''', '''[1,2,2]''', '''{\\"count\\":[7],\\"user\\":{\\"id\\":[9],\\"displayname\\":\\"bradly09\\"}}''', 1401440451),
(120, 35, '''Aut dolor qui quibusdam libero dolore aperiam sit.''', '''[1,2,2]''', '''{\\"count\\":[11],\\"user\\":{\\"id\\":[14],\\"displayname\\":\\"quentin.zulauf\\"}}''', 1401452392),
(121, 38, '''Explicabo eveniet a dignissimos voluptate dolorem rem in.''', '''[1,2,2]''', '''{\\"count\\":[4],\\"user\\":{\\"id\\":[2],\\"displayname\\":\\"marcia30\\"}}''', 1401455535),
(122, 40, '''Quae aut recusandae commodi veritatis sed dolorem.''', '''[1,2,2]''', '''{\\"count\\":[8],\\"user\\":{\\"id\\":[1],\\"displayname\\":\\"muller.emiliano\\"}}''', 1401487096),
(123, 31, '''Voluptatem eius quo nam quam qui.''', '''[1,2,2]''', '''{\\"count\\":[8],\\"user\\":{\\"id\\":[7],\\"displayname\\":\\"cormier.shaina\\"}}''', 1401459437),
(124, 41, '''Est est ducimus velit.''', '''[1,2,2]''', '''{\\"count\\":[6],\\"user\\":{\\"id\\":[9],\\"displayname\\":\\"nora.von\\"}}''', 1401466749),
(125, 35, '''Sit aut optio non et saepe deserunt et.''', '''[1,2,2]''', '''{\\"count\\":[8],\\"user\\":{\\"id\\":[10],\\"displayname\\":\\"joan50\\"}}''', 1401452185),
(126, 34, '''Inventore nemo consequatur id iusto hic qui.''', '''[1,2,2]''', '''{\\"count\\":[9],\\"user\\":{\\"id\\":[5],\\"displayname\\":\\"sienna05\\"}}''', 1401454396),
(127, 38, '''Nihil illum sapiente illo consequuntur.''', '''[1,2,2]''', '''{\\"count\\":[7],\\"user\\":{\\"id\\":[13],\\"displayname\\":\\"edwin.quigley\\"}}''', 1401464710),
(128, 31, '''Veritatis vel vitae sint amet.''', '''[1,2,2]''', '''{\\"count\\":[6],\\"user\\":{\\"id\\":[5],\\"displayname\\":\\"ola13\\"}}''', 1401461398),
(129, 40, '''A similique velit aut.''', '''[1,2,2]''', '''{\\"count\\":[1],\\"user\\":{\\"id\\":[10],\\"displayname\\":\\"osvaldo45\\"}}''', 1401486017),
(130, 32, '''Impedit et animi quo aperiam ut consequatur quibusdam.''', '''[1,2,2]''', '''{\\"count\\":[5],\\"user\\":{\\"id\\":[9],\\"displayname\\":\\"npadberg\\"}}''', 1401470517),
(131, 36, '''Excepturi sint ex aut assumenda.''', '''[1,2,2]''', '''{\\"count\\":[3],\\"user\\":{\\"id\\":[13],\\"displayname\\":\\"qorn\\"}}''', 1401488246),
(132, 31, '''Aliquam sint explicabo debitis quae voluptas.''', '''[1,2,2]''', '''{\\"count\\":[2],\\"user\\":{\\"id\\":[12],\\"displayname\\":\\"little.jeromy\\"}}''', 1401453486),
(133, 36, '''Excepturi et et tempora qui.''', '''[1,2,2]''', '''{\\"count\\":[8],\\"user\\":{\\"id\\":[19],\\"displayname\\":\\"kaia.dach\\"}}''', 1401466451),
(134, 33, '''Ipsum ab dignissimos blanditiis ducimus sed.''', '''[1,2,2]''', '''{\\"count\\":[8],\\"user\\":{\\"id\\":[8],\\"displayname\\":\\"lisette.vandervort\\"}}''', 1401462528),
(135, 37, '''Velit distinctio soluta accusamus impedit quia blanditiis reprehenderit.''', '''[1,2,2]''', '''{\\"count\\":[14],\\"user\\":{\\"id\\":[12],\\"displayname\\":\\"dibbert.casey\\"}}''', 1401454012),
(136, 40, '''Quis sit vero cupiditate corporis qui veritatis eos voluptas.''', '''[1,2,2]''', '''{\\"count\\":[4],\\"user\\":{\\"id\\":[5],\\"displayname\\":\\"ihessel\\"}}''', 1401442862),
(137, 32, '''Pariatur perspiciatis excepturi placeat at et vel.''', '''[1,2,2]''', '''{\\"count\\":[4],\\"user\\":{\\"id\\":[9],\\"displayname\\":\\"tdaniel\\"}}''', 1401485792),
(138, 34, '''Voluptatem non explicabo inventore blanditiis.''', '''[1,2,2]''', '''{\\"count\\":[1],\\"user\\":{\\"id\\":[10],\\"displayname\\":\\"collier.ron\\"}}''', 1401453665),
(139, 36, '''Quo aut qui rerum sit.''', '''[1,2,2]''', '''{\\"count\\":[1],\\"user\\":{\\"id\\":[8],\\"displayname\\":\\"tina27\\"}}''', 1401484307),
(140, 33, '''Minima occaecati aut sint est nam mollitia.''', '''[1,2,2]''', '''{\\"count\\":[14],\\"user\\":{\\"id\\":[6],\\"displayname\\":\\"zhoppe\\"}}''', 1401479528),
(141, 37, '''Aut aspernatur voluptatem et qui.''', '''[1,2,2]''', '''{\\"count\\":[11],\\"user\\":{\\"id\\":[8],\\"displayname\\":\\"dina.herzog\\"}}''', 1401463710),
(142, 37, '''Doloribus tempore rerum debitis aut.''', '''[1,2,2]''', '''{\\"count\\":[13],\\"user\\":{\\"id\\":[10],\\"displayname\\":\\"ullrich.cecelia\\"}}''', 1401454093),
(143, 31, '''Fuga assumenda ut mollitia dolorem maxime deleniti.''', '''[1,2,2]''', '''{\\"count\\":[10],\\"user\\":{\\"id\\":[13],\\"displayname\\":\\"rice.jaeden\\"}}''', 1401469694),
(144, 41, '''Quia voluptas tempore qui nulla dolorem non.''', '''[1,2,2]''', '''{\\"count\\":[13],\\"user\\":{\\"id\\":[8],\\"displayname\\":\\"alanna.orn\\"}}''', 1401449011),
(145, 33, '''Autem quo inventore illo cumque porro tempore officiis.''', '''[1,2,2]''', '''{\\"count\\":[3],\\"user\\":{\\"id\\":[8],\\"displayname\\":\\"genevieve.ziemann\\"}}''', 1401466061),
(146, 31, '''At debitis necessitatibus aperiam in occaecati hic.''', '''[1,2,2]''', '''{\\"count\\":[9],\\"user\\":{\\"id\\":[1],\\"displayname\\":\\"clemmie.waters\\"}}''', 1401458162),
(147, 39, '''Sed saepe asperiores aspernatur vel.''', '''[1,2,2]''', '''{\\"count\\":[8],\\"user\\":{\\"id\\":[12],\\"displayname\\":\\"haley.veda\\"}}''', 1401488043),
(148, 38, '''Quia voluptas consequatur nostrum ipsam provident.''', '''[1,2,2]''', '''{\\"count\\":[13],\\"user\\":{\\"id\\":[12],\\"displayname\\":\\"oral30\\"}}''', 1401460894),
(149, 39, '''Ea rerum ut ut nostrum commodi molestias quis.''', '''[1,2,2]''', '''{\\"count\\":[6],\\"user\\":{\\"id\\":[3],\\"displayname\\":\\"alanna.mayert\\"}}''', 1401487722),
(150, 37, '''Molestiae numquam est ut maxime ipsam excepturi ducimus.''', '''[1,2,2]''', '''{\\"count\\":[2],\\"user\\":{\\"id\\":[5],\\"displayname\\":\\"turner13\\"}}''', 1401471966),
(151, 32, '''Veniam numquam et non ut.''', '''[1,2,2]''', '''{\\"count\\":[9],\\"user\\":{\\"id\\":[3],\\"displayname\\":\\"clakin\\"}}''', 1401468417),
(152, 32, '''Deleniti sapiente veritatis iusto eos.''', '''[1,2,2]''', '''{\\"count\\":[19],\\"user\\":{\\"id\\":[4],\\"displayname\\":\\"tiana.schowalter\\"}}''', 1401484893),
(153, 34, '''Et cupiditate nobis aliquam officiis necessitatibus et suscipit voluptatem.''', '''[1,2,2]''', '''{\\"count\\":[4],\\"user\\":{\\"id\\":[1],\\"displayname\\":\\"alexandra.rohan\\"}}''', 1401463017),
(154, 38, '''Enim culpa laborum est tempore et est et eos.''', '''[1,2,2]''', '''{\\"count\\":[9],\\"user\\":{\\"id\\":[8],\\"displayname\\":\\"farrell.bridie\\"}}''', 1401457908),
(155, 41, '''Aut sequi aut ut vero eaque omnis enim.''', '''[1,2,2]''', '''{\\"count\\":[8],\\"user\\":{\\"id\\":[9],\\"displayname\\":\\"kamille87\\"}}''', 1401482705),
(156, 35, '''Ratione amet nostrum sint sed.''', '''[1,2,2]''', '''{\\"count\\":[11],\\"user\\":{\\"id\\":[5],\\"displayname\\":\\"pamela.cremin\\"}}''', 1401459102),
(157, 39, '''Tempore impedit cupiditate deserunt.''', '''[1,2,2]''', '''{\\"count\\":[6],\\"user\\":{\\"id\\":[3],\\"displayname\\":\\"mylene.spencer\\"}}''', 1401450578),
(158, 36, '''Atque rerum voluptate ut enim.''', '''[1,2,2]''', '''{\\"count\\":[3],\\"user\\":{\\"id\\":[5],\\"displayname\\":\\"lawson.bogan\\"}}''', 1401446712),
(159, 37, '''Omnis consequatur provident beatae voluptates temporibus.''', '''[1,2,2]''', '''{\\"count\\":[12],\\"user\\":{\\"id\\":[4],\\"displayname\\":\\"rblick\\"}}''', 1401469057),
(160, 39, '''Deserunt impedit et temporibus veritatis et accusantium.''', '''[1,2,2]''', '''{\\"count\\":[8],\\"user\\":{\\"id\\":[1],\\"displayname\\":\\"jordane.strosin\\"}}''', 1401466308),
(161, 39, '''Quis quo quae sapiente consequuntur accusamus minus ratione beatae.''', '''[1,2,2]''', '''{\\"count\\":[11],\\"user\\":{\\"id\\":[5],\\"displayname\\":\\"equitzon\\"}}''', 1401473768),
(162, 33, '''Aut eius nulla consequuntur.''', '''[1,2,2]''', '''{\\"count\\":[14],\\"user\\":{\\"id\\":[10],\\"displayname\\":\\"lhodkiewicz\\"}}''', 1401464865),
(163, 39, '''Dicta blanditiis minima distinctio sed consequuntur.''', '''[1,2,2]''', '''{\\"count\\":[7],\\"user\\":{\\"id\\":[9],\\"displayname\\":\\"leuschke.jeramy\\"}}''', 1401478276),
(164, 39, '''Dolore amet sit temporibus tenetur est magni.''', '''[1,2,2]''', '''{\\"count\\":[9],\\"user\\":{\\"id\\":[2],\\"displayname\\":\\"mkoss\\"}}''', 1401451556),
(165, 40, '''Rerum veritatis consectetur dolorem.''', '''[1,2,2]''', '''{\\"count\\":[3],\\"user\\":{\\"id\\":[19],\\"displayname\\":\\"kolby31\\"}}''', 1401488442),
(166, 35, '''Pariatur vel quia et nam explicabo recusandae labore.''', '''[1,2,2]''', '''{\\"count\\":[9],\\"user\\":{\\"id\\":[19],\\"displayname\\":\\"lizzie.medhurst\\"}}''', 1401470119),
(167, 37, '''Saepe impedit nobis adipisci vel dolor omnis ut.''', '''[1,2,2]''', '''{\\"count\\":[3],\\"user\\":{\\"id\\":[5],\\"displayname\\":\\"dawn77\\"}}''', 1401466469),
(168, 35, '''Accusantium est soluta in adipisci nisi quia sit.''', '''[1,2,2]''', '''{\\"count\\":[4],\\"user\\":{\\"id\\":[1],\\"displayname\\":\\"wschowalter\\"}}''', 1401480409),
(169, 41, '''Voluptatem nihil sit ut minima.''', '''[1,2,2]''', '''{\\"count\\":[4],\\"user\\":{\\"id\\":[8],\\"displayname\\":\\"ctremblay\\"}}''', 1401481718),
(170, 37, '''Voluptas qui explicabo quasi quos accusantium nam in molestiae.''', '''[1,2,2]''', '''{\\"count\\":[9],\\"user\\":{\\"id\\":[13],\\"displayname\\":\\"fhalvorson\\"}}''', 1401483935),
(171, 39, '''Facilis aliquid deserunt molestias placeat.''', '''[1,2,2]''', '''{\\"count\\":[13],\\"user\\":{\\"id\\":[10],\\"displayname\\":\\"powlowski.sebastian\\"}}''', 1401459458),
(172, 33, '''Libero molestias harum aut impedit.''', '''[1,2,2]''', '''{\\"count\\":[19],\\"user\\":{\\"id\\":[8],\\"displayname\\":\\"kessler.minerva\\"}}''', 1401465525),
(173, 39, '''Sint minus veritatis iusto quaerat.''', '''[1,2,2]''', '''{\\"count\\":[6],\\"user\\":{\\"id\\":[14],\\"displayname\\":\\"claude.murphy\\"}}''', 1401485902),
(174, 35, '''Rerum repellat ullam doloremque ad dolorem dolor.''', '''[1,2,2]''', '''{\\"count\\":[8],\\"user\\":{\\"id\\":[11],\\"displayname\\":\\"tdietrich\\"}}''', 1401453716),
(175, 31, '''Earum et fugiat id dolorum quis quis reiciendis.''', '''[1,2,2]''', '''{\\"count\\":[6],\\"user\\":{\\"id\\":[19],\\"displayname\\":\\"jacques60\\"}}''', 1401454820),
(176, 34, '''Ut reiciendis esse quibusdam nisi qui numquam.''', '''[1,2,2]''', '''{\\"count\\":[8],\\"user\\":{\\"id\\":[1],\\"displayname\\":\\"lazaro.hickle\\"}}''', 1401444215),
(177, 40, '''Ratione quisquam perspiciatis eius facere ab eos recusandae.''', '''[1,2,2]''', '''{\\"count\\":[1],\\"user\\":{\\"id\\":[5],\\"displayname\\":\\"lang.dora\\"}}''', 1401449862),
(178, 36, '''Quo earum illum impedit ducimus eius.''', '''[1,2,2]''', '''{\\"count\\":[8],\\"user\\":{\\"id\\":[7],\\"displayname\\":\\"qdouglas\\"}}''', 1401470717),
(179, 40, '''Minima quia tempore iste.''', '''[1,2,2]''', '''{\\"count\\":[1],\\"user\\":{\\"id\\":[8],\\"displayname\\":\\"stehr.alessandro\\"}}''', 1401457060),
(180, 35, '''Sed ut quo expedita tempora omnis.''', '''[1,2,2]''', '''{\\"count\\":[6],\\"user\\":{\\"id\\":[8],\\"displayname\\":\\"skiles.cheyenne\\"}}''', 1401451489),
(181, 35, '''Quia eveniet sapiente tenetur aliquid sit.''', '''[1,2,2]''', '''{\\"count\\":[11],\\"user\\":{\\"id\\":[5],\\"displayname\\":\\"tyrel05\\"}}''', 1401439340),
(182, 36, '''Sunt qui corporis quia.''', '''[1,2,2]''', '''{\\"count\\":[8],\\"user\\":{\\"id\\":[12],\\"displayname\\":\\"nella.reilly\\"}}''', 1401463884),
(183, 35, '''Ut neque ut animi consequatur nihil optio ex eaque.''', '''[1,2,2]''', '''{\\"count\\":[8],\\"user\\":{\\"id\\":[13],\\"displayname\\":\\"bogan.mark\\"}}''', 1401474288),
(184, 40, '''Tenetur et magnam fugit rerum quis a.''', '''[1,2,2]''', '''{\\"count\\":[6],\\"user\\":{\\"id\\":[19],\\"displayname\\":\\"saige.o\\''reilly\\"}}''', 1401456298),
(185, 31, '''Omnis numquam nulla temporibus ipsam.''', '''[1,2,2]''', '''{\\"count\\":[6],\\"user\\":{\\"id\\":[9],\\"displayname\\":\\"strosin.gina\\"}}''', 1401472226),
(186, 37, '''Qui quis quia expedita corrupti facere maiores.''', '''[1,2,2]''', '''{\\"count\\":[14],\\"user\\":{\\"id\\":[19],\\"displayname\\":\\"haag.granville\\"}}''', 1401477360),
(187, 35, '''Voluptates quaerat ipsa exercitationem et.''', '''[1,2,2]''', '''{\\"count\\":[7],\\"user\\":{\\"id\\":[7],\\"displayname\\":\\"schmidt.tina\\"}}''', 1401446134),
(188, 33, '''Itaque dolorem et consequatur eos velit qui placeat.''', '''[1,2,2]''', '''{\\"count\\":[3],\\"user\\":{\\"id\\":[8],\\"displayname\\":\\"norval20\\"}}''', 1401454270),
(189, 34, '''Tenetur esse nostrum non nostrum reprehenderit ratione impedit modi.''', '''[1,2,2]''', '''{\\"count\\":[3],\\"user\\":{\\"id\\":[1],\\"displayname\\":\\"jhodkiewicz\\"}}''', 1401483805),
(190, 38, '''Recusandae quam neque et enim sit nemo est.''', '''[1,2,2]''', '''{\\"count\\":[2],\\"user\\":{\\"id\\":[7],\\"displayname\\":\\"lsteuber\\"}}''', 1401439752),
(191, 38, '''Culpa in iusto amet ducimus.''', '''[1,2,2]''', '''{\\"count\\":[3],\\"user\\":{\\"id\\":[14],\\"displayname\\":\\"donald24\\"}}''', 1401484690),
(192, 31, '''Dicta accusamus nihil provident est eum assumenda.''', '''[1,2,2]''', '''{\\"count\\":[1],\\"user\\":{\\"id\\":[8],\\"displayname\\":\\"ehodkiewicz\\"}}''', 1401441367),
(193, 37, '''Rerum sequi iure ea veritatis.''', '''[1,2,2]''', '''{\\"count\\":[5],\\"user\\":{\\"id\\":[5],\\"displayname\\":\\"altenwerth.broderick\\"}}''', 1401488015),
(194, 31, '''Non quaerat delectus qui.''', '''[1,2,2]''', '''{\\"count\\":[6],\\"user\\":{\\"id\\":[8],\\"displayname\\":\\"marisa11\\"}}''', 1401486000),
(195, 35, '''Dolorum atque quam ipsam aut consectetur.''', '''[1,2,2]''', '''{\\"count\\":[8],\\"user\\":{\\"id\\":[2],\\"displayname\\":\\"bartoletti.leda\\"}}''', 1401440739),
(196, 39, '''Blanditiis est eius perferendis fuga voluptas.''', '''[1,2,2]''', '''{\\"count\\":[9],\\"user\\":{\\"id\\":[1],\\"displayname\\":\\"feil.johnnie\\"}}''', 1401458694),
(197, 36, '''Consequatur atque cupiditate quod officia qui.''', '''[1,2,2]''', '''{\\"count\\":[14],\\"user\\":{\\"id\\":[12],\\"displayname\\":\\"joanny83\\"}}''', 1401465521),
(198, 39, '''Tempora repudiandae et eius neque.''', '''[1,2,2]''', '''{\\"count\\":[5],\\"user\\":{\\"id\\":[2],\\"displayname\\":\\"dfeil\\"}}''', 1401461666),
(199, 36, '''Laborum esse cum impedit sapiente iste nulla porro.''', '''[1,2,2]''', '''{\\"count\\":[8],\\"user\\":{\\"id\\":[10],\\"displayname\\":\\"thane\\"}}''', 1401486673),
(200, 37, '''Sed rerum velit in sit.''', '''[1,2,2]''', '''{\\"count\\":[10],\\"user\\":{\\"id\\":[3],\\"displayname\\":\\"brennan08\\"}}''', 1401447004),
(201, 36, '''Exercitationem sit recusandae doloribus impedit qui cupiditate est molestiae.''', '''[1,2,2]''', '''{\\"count\\":[3],\\"user\\":{\\"id\\":[9],\\"displayname\\":\\"powlowski.daphney\\"}}''', 1401439649),
(202, 33, '''Quam nihil neque cum minima iure veritatis est.''', '''[1,2,2]''', '''{\\"count\\":[10],\\"user\\":{\\"id\\":[10],\\"displayname\\":\\"leannon.sylvan\\"}}''', 1401477501),
(203, 38, '''Sunt et omnis ex earum aut aspernatur.''', '''[1,2,2]''', '''{\\"count\\":[19],\\"user\\":{\\"id\\":[1],\\"displayname\\":\\"casper.danyka\\"}}''', 1401452392),
(204, 35, '''Nostrum aut quasi occaecati commodi consequatur impedit.''', '''[1,2,2]''', '''{\\"count\\":[8],\\"user\\":{\\"id\\":[1],\\"displayname\\":\\"tconnelly\\"}}''', 1401448606),
(205, 38, '''Natus ipsum maxime officia excepturi.''', '''[1,2,2]''', '''{\\"count\\":[5],\\"user\\":{\\"id\\":[3],\\"displayname\\":\\"paul.zemlak\\"}}''', 1401478427),
(206, 35, '''Laboriosam a voluptatem odio quod qui ad sed.''', '''[1,2,2]''', '''{\\"count\\":[7],\\"user\\":{\\"id\\":[19],\\"displayname\\":\\"everardo.reinger\\"}}''', 1401445556),
(207, 36, '''Non cumque eligendi accusamus aut harum.''', '''[1,2,2]''', '''{\\"count\\":[3],\\"user\\":{\\"id\\":[3],\\"displayname\\":\\"quitzon.izabella\\"}}''', 1401469164),
(208, 34, '''Est possimus et expedita eum dignissimos.''', '''[1,2,2]''', '''{\\"count\\":[14],\\"user\\":{\\"id\\":[8],\\"displayname\\":\\"ewald12\\"}}''', 1401473406),
(209, 40, '''Architecto libero repellat delectus sed et non.''', '''[1,2,2]''', '''{\\"count\\":[9],\\"user\\":{\\"id\\":[8],\\"displayname\\":\\"rodriguez.enoch\\"}}''', 1401485040),
(210, 33, '''Quo vitae maiores facilis magnam ullam.''', '''[1,2,2]''', '''{\\"count\\":[9],\\"user\\":{\\"id\\":[5],\\"displayname\\":\\"bette.towne\\"}}''', 1401470194),
(211, 31, '''Voluptatum ducimus quae magnam quia dolor ex voluptas.''', '''[1,2,2]''', '''{\\"count\\":[8],\\"user\\":{\\"id\\":[14],\\"displayname\\":\\"ofelia.schultz\\"}}''', 1401470969),
(212, 33, '''Voluptas velit natus cumque.''', '''[1,2,2]''', '''{\\"count\\":[3],\\"user\\":{\\"id\\":[5],\\"displayname\\":\\"elaina52\\"}}''', 1401471037),
(213, 34, '''Suscipit et occaecati vero provident deserunt aut ullam.''', '''[1,2,2]''', '''{\\"count\\":[3],\\"user\\":{\\"id\\":[9],\\"displayname\\":\\"crist.price\\"}}''', 1401485610),
(214, 32, '''Voluptatem quisquam omnis libero blanditiis et.''', '''[1,2,2]''', '''{\\"count\\":[12],\\"user\\":{\\"id\\":[12],\\"displayname\\":\\"jerry56\\"}}''', 1401481571),
(215, 40, '''Molestias praesentium maiores voluptatem rerum consequatur suscipit.''', '''[1,2,2]''', '''{\\"count\\":[13],\\"user\\":{\\"id\\":[10],\\"displayname\\":\\"shanie06\\"}}''', 1401463435),
(216, 31, '''In debitis rerum harum dolor magni atque qui.''', '''[1,2,2]''', '''{\\"count\\":[8],\\"user\\":{\\"id\\":[7],\\"displayname\\":\\"neha49\\"}}''', 1401482809),
(217, 41, '''Omnis dolor iusto exercitationem aperiam.''', '''[1,2,2]''', '''{\\"count\\":[9],\\"user\\":{\\"id\\":[8],\\"displayname\\":\\"lmcclure\\"}}''', 1401487670),
(218, 35, '''Ea nihil rerum voluptas modi ipsa quo.''', '''[1,2,2]''', '''{\\"count\\":[2],\\"user\\":{\\"id\\":[10],\\"displayname\\":\\"kobe98\\"}}''', 1401439438),
(219, 34, '''Consectetur inventore aut est amet ut.''', '''[1,2,2]''', '''{\\"count\\":[11],\\"user\\":{\\"id\\":[19],\\"displayname\\":\\"julius44\\"}}''', 1401458821),
(220, 31, '''Vel ipsam cupiditate quam et molestiae magni.''', '''[1,2,2]''', '''{\\"count\\":[8],\\"user\\":{\\"id\\":[3],\\"displayname\\":\\"rbergnaum\\"}}''', 1401450863),
(221, 31, '''Corporis enim dolor recusandae culpa.''', '''[1,2,2]''', '''{\\"count\\":[13],\\"user\\":{\\"id\\":[9],\\"displayname\\":\\"karlie.wintheiser\\"}}''', 1401478455),
(222, 32, '''Accusantium recusandae voluptatibus voluptatibus fugit est ut incidunt.''', '''[1,2,2]''', '''{\\"count\\":[2],\\"user\\":{\\"id\\":[5],\\"displayname\\":\\"fabernathy\\"}}''', 1401463846),
(223, 32, '''Voluptatem quia libero possimus.''', '''[1,2,2]''', '''{\\"count\\":[19],\\"user\\":{\\"id\\":[5],\\"displayname\\":\\"qbauch\\"}}''', 1401443592),
(224, 31, '''Dolorem impedit dolorem nihil.''', '''[1,2,2]''', '''{\\"count\\":[14],\\"user\\":{\\"id\\":[13],\\"displayname\\":\\"ulises86\\"}}''', 1401475937),
(225, 40, '''Aliquid impedit vitae enim asperiores veritatis.''', '''[1,2,2]''', '''{\\"count\\":[7],\\"user\\":{\\"id\\":[13],\\"displayname\\":\\"kunde.jared\\"}}''', 1401480471),
(226, 41, '''Consectetur vero eum temporibus aspernatur ad.''', '''[1,2,2]''', '''{\\"count\\":[8],\\"user\\":{\\"id\\":[5],\\"displayname\\":\\"breitenberg.sandy\\"}}''', 1401446573),
(227, 33, '''Est corporis qui praesentium soluta ratione ipsa a.''', '''[1,2,2]''', '''{\\"count\\":[8],\\"user\\":{\\"id\\":[13],\\"displayname\\":\\"tianna.glover\\"}}''', 1401486210),
(228, 35, '''Neque aspernatur et nulla quaerat enim suscipit.''', '''[1,2,2]''', '''{\\"count\\":[19],\\"user\\":{\\"id\\":[2],\\"displayname\\":\\"claire02\\"}}''', 1401473460),
(229, 35, '''Vel excepturi quasi quibusdam non aliquid eligendi consequuntur quia.''', '''[1,2,2]''', '''{\\"count\\":[6],\\"user\\":{\\"id\\":[13],\\"displayname\\":\\"maida61\\"}}''', 1401473862),
(230, 33, '''Commodi eum officia et iure aut consequatur.''', '''[1,2,2]''', '''{\\"count\\":[12],\\"user\\":{\\"id\\":[6],\\"displayname\\":\\"ashley.walsh\\"}}''', 1401444015),
(231, 40, '''Voluptatem iste voluptatem autem et unde.''', '''[1,2,2]''', '''{\\"count\\":[9],\\"user\\":{\\"id\\":[14],\\"displayname\\":\\"jkris\\"}}''', 1401439634),
(232, 31, '''Quidem tenetur inventore ea nisi commodi expedita quos et.''', '''[1,2,2]''', '''{\\"count\\":[14],\\"user\\":{\\"id\\":[1],\\"displayname\\":\\"april.halvorson\\"}}''', 1401480198),
(233, 41, '''Asperiores adipisci iste officia perferendis accusantium est incidunt fuga.''', '''[1,2,2]''', '''{\\"count\\":[6],\\"user\\":{\\"id\\":[5],\\"displayname\\":\\"tfeest\\"}}''', 1401465818),
(234, 32, '''Voluptas quia maxime repellat.''', '''[1,2,2]''', '''{\\"count\\":[5],\\"user\\":{\\"id\\":[8],\\"displayname\\":\\"hassie.larkin\\"}}''', 1401472508),
(235, 33, '''Quo quidem dicta ipsum ipsam nam soluta corrupti.''', '''[1,2,2]''', '''{\\"count\\":[19],\\"user\\":{\\"id\\":[5],\\"displayname\\":\\"oosinski\\"}}''', 1401477527),
(236, 31, '''Molestiae deserunt cum consequuntur optio dolorum et.''', '''[1,2,2]''', '''{\\"count\\":[7],\\"user\\":{\\"id\\":[1],\\"displayname\\":\\"vella75\\"}}''', 1401455539),
(237, 36, '''Et neque necessitatibus sed.''', '''[1,2,2]''', '''{\\"count\\":[6],\\"user\\":{\\"id\\":[3],\\"displayname\\":\\"selmer37\\"}}''', 1401443529),
(238, 34, '''Qui dolorem voluptas neque eius.''', '''[1,2,2]''', '''{\\"count\\":[14],\\"user\\":{\\"id\\":[7],\\"displayname\\":\\"hlangosh\\"}}''', 1401463655),
(239, 37, '''Tempora ullam veritatis magni eaque ea voluptatem eos est.''', '''[1,2,2]''', '''{\\"count\\":[3],\\"user\\":{\\"id\\":[6],\\"displayname\\":\\"federico20\\"}}''', 1401473467),
(240, 40, '''Magni qui quisquam ipsa atque quasi illo quibusdam.''', '''[1,2,2]''', '''{\\"count\\":[19],\\"user\\":{\\"id\\":[14],\\"displayname\\":\\"arvel.tillman\\"}}''', 1401454181),
(241, 32, '''Quae quis repudiandae nam.''', '''[1,2,2]''', '''{\\"count\\":[4],\\"user\\":{\\"id\\":[10],\\"displayname\\":\\"floy08\\"}}''', 1401470587),
(242, 35, '''Vel nostrum perspiciatis distinctio est.''', '''[1,2,2]''', '''{\\"count\\":[6],\\"user\\":{\\"id\\":[10],\\"displayname\\":\\"ashlynn24\\"}}''', 1401480500),
(243, 35, '''Voluptatem quam dolores dolorem quam non.''', '''[1,2,2]''', '''{\\"count\\":[6],\\"user\\":{\\"id\\":[8],\\"displayname\\":\\"efrain.johns\\"}}''', 1401445059),
(244, 41, '''Et delectus saepe quae repellat quod placeat quam excepturi.''', '''[1,2,2]''', '''{\\"count\\":[8],\\"user\\":{\\"id\\":[4],\\"displayname\\":\\"schulist.tad\\"}}''', 1401440950),
(245, 40, '''Cupiditate qui et amet laboriosam voluptate non iusto tenetur.''', '''[1,2,2]''', '''{\\"count\\":[14],\\"user\\":{\\"id\\":[10],\\"displayname\\":\\"earline24\\"}}''', 1401486044),
(246, 39, '''Cumque qui consequatur tempore praesentium voluptatum.''', '''[1,2,2]''', '''{\\"count\\":[10],\\"user\\":{\\"id\\":[1],\\"displayname\\":\\"patricia.maggio\\"}}''', 1401458315),
(247, 38, '''Ut sed vel repudiandae et qui et perferendis.''', '''[1,2,2]''', '''{\\"count\\":[9],\\"user\\":{\\"id\\":[6],\\"displayname\\":\\"trystan.turner\\"}}''', 1401471388),
(248, 41, '''Natus aut iusto est sunt.''', '''[1,2,2]''', '''{\\"count\\":[4],\\"user\\":{\\"id\\":[8],\\"displayname\\":\\"henriette44\\"}}''', 1401455229),
(249, 38, '''Dicta odit nisi commodi.''', '''[1,2,2]''', '''{\\"count\\":[14],\\"user\\":{\\"id\\":[13],\\"displayname\\":\\"katarina.nader\\"}}''', 1401468338),
(250, 37, '''Numquam et tempore necessitatibus reprehenderit quo non et.''', '''[1,2,2]''', '''{\\"count\\":[19],\\"user\\":{\\"id\\":[10],\\"displayname\\":\\"pnolan\\"}}''', 1401447542),
(251, 32, '''Consequatur reprehenderit ut ad similique.''', '''[1,2,2]''', '''{\\"count\\":[9],\\"user\\":{\\"id\\":[8],\\"displayname\\":\\"lwaters\\"}}''', 1401488622),
(252, 31, '''Aut consequatur minus beatae.''', '''[1,2,2]''', '''{\\"count\\":[11],\\"user\\":{\\"id\\":[13],\\"displayname\\":\\"cdubuque\\"}}''', 1401439815),
(253, 41, '''Ut ut impedit quia.''', '''[1,2,2]''', '''{\\"count\\":[10],\\"user\\":{\\"id\\":[3],\\"displayname\\":\\"jschumm\\"}}''', 1401451410),
(254, 39, '''Omnis distinctio voluptates a beatae velit.''', '''[1,2,2]''', '''{\\"count\\":[2],\\"user\\":{\\"id\\":[8],\\"displayname\\":\\"brad.torphy\\"}}''', 1401486567),
(255, 39, '''Ut dignissimos dolor debitis beatae.''', '''[1,2,2]''', '''{\\"count\\":[6],\\"user\\":{\\"id\\":[2],\\"displayname\\":\\"koss.kylie\\"}}''', 1401453330),
(256, 37, '''Aperiam quia maiores veritatis quia optio hic.''', '''[1,2,2]''', '''{\\"count\\":[4],\\"user\\":{\\"id\\":[4],\\"displayname\\":\\"tamara67\\"}}''', 1401456248),
(257, 41, '''Iste omnis voluptas molestiae natus.''', '''[1,2,2]''', '''{\\"count\\":[11],\\"user\\":{\\"id\\":[19],\\"displayname\\":\\"heller.horacio\\"}}''', 1401477345),
(258, 37, '''Dolorem perspiciatis rem distinctio.''', '''[1,2,2]''', '''{\\"count\\":[8],\\"user\\":{\\"id\\":[6],\\"displayname\\":\\"barton94\\"}}''', 1401476820),
(259, 32, '''Autem qui odit dolore nulla at consectetur.''', '''[1,2,2]''', '''{\\"count\\":[2],\\"user\\":{\\"id\\":[14],\\"displayname\\":\\"cschuster\\"}}''', 1401445784),
(260, 34, '''Dolores et sit fugit dolore libero illum.''', '''[1,2,2]''', '''{\\"count\\":[6],\\"user\\":{\\"id\\":[4],\\"displayname\\":\\"d\\''angelo.walter\\"}}''', 1401440164),
(261, 35, '''Sed quia eius autem aut quidem consequatur voluptas.''', '''[1,2,2]''', '''{\\"count\\":[4],\\"user\\":{\\"id\\":[11],\\"displayname\\":\\"yschaden\\"}}''', 1401456497),
(262, 40, '''Voluptatem totam non omnis.''', '''[1,2,2]''', '''{\\"count\\":[6],\\"user\\":{\\"id\\":[6],\\"displayname\\":\\"kelsie28\\"}}''', 1401473761),
(263, 39, '''Error consequatur sit sint consectetur exercitationem dolorem.''', '''[1,2,2]''', '''{\\"count\\":[11],\\"user\\":{\\"id\\":[12],\\"displayname\\":\\"simeon17\\"}}''', 1401480291),
(264, 41, '''Doloremque iure numquam culpa voluptates dolores.''', '''[1,2,2]''', '''{\\"count\\":[11],\\"user\\":{\\"id\\":[13],\\"displayname\\":\\"tatyana.kub\\"}}''', 1401460994),
(265, 33, '''Voluptates eos nulla fuga quam.''', '''[1,2,2]''', '''{\\"count\\":[13],\\"user\\":{\\"id\\":[6],\\"displayname\\":\\"valentina.kassulke\\"}}''', 1401459707),
(266, 34, '''Aut velit enim accusantium similique quae dolorem dolorem.''', '''[1,2,2]''', '''{\\"count\\":[7],\\"user\\":{\\"id\\":[3],\\"displayname\\":\\"morris.vonrueden\\"}}''', 1401449146),
(267, 33, '''Qui culpa aperiam et dignissimos quaerat veritatis dolor quisquam.''', '''[1,2,2]''', '''{\\"count\\":[10],\\"user\\":{\\"id\\":[3],\\"displayname\\":\\"bryon05\\"}}''', 1401484761),
(268, 35, '''Voluptates dolorem aut fuga quis.''', '''[1,2,2]''', '''{\\"count\\":[4],\\"user\\":{\\"id\\":[6],\\"displayname\\":\\"jane10\\"}}''', 1401467988),
(269, 33, '''Cumque maiores aut at iusto deleniti et.''', '''[1,2,2]''', '''{\\"count\\":[12],\\"user\\":{\\"id\\":[8],\\"displayname\\":\\"hegmann.nya\\"}}''', 1401474564),
(270, 32, '''Laborum consequatur et et ipsa consequatur.''', '''[1,2,2]''', '''{\\"count\\":[1],\\"user\\":{\\"id\\":[3],\\"displayname\\":\\"hayes.lisa\\"}}''', 1401456499),
(271, 34, '''Quo voluptate blanditiis perspiciatis non.''', '''[1,2,2]''', '''{\\"count\\":[10],\\"user\\":{\\"id\\":[5],\\"displayname\\":\\"jerad.cremin\\"}}''', 1401479274),
(272, 33, '''Accusamus quos et quia optio delectus debitis voluptas.''', '''[1,2,2]''', '''{\\"count\\":[14],\\"user\\":{\\"id\\":[6],\\"displayname\\":\\"cronin.kacey\\"}}''', 1401459951),
(273, 39, '''Debitis ab odit aut ipsa omnis ut dolores.''', '''[1,2,2]''', '''{\\"count\\":[6],\\"user\\":{\\"id\\":[6],\\"displayname\\":\\"nina.pagac\\"}}''', 1401460464),
(274, 34, '''Quis dolores explicabo nisi ipsam.''', '''[1,2,2]''', '''{\\"count\\":[11],\\"user\\":{\\"id\\":[3],\\"displayname\\":\\"eldred86\\"}}''', 1401454331),
(275, 40, '''Sapiente ad molestiae explicabo aspernatur enim quia.''', '''[1,2,2]''', '''{\\"count\\":[9],\\"user\\":{\\"id\\":[12],\\"displayname\\":\\"marina30\\"}}''', 1401482457),
(276, 38, '''Repellendus aut voluptas alias laborum qui aspernatur labore.''', '''[1,2,2]''', '''{\\"count\\":[6],\\"user\\":{\\"id\\":[13],\\"displayname\\":\\"leslie.hand\\"}}''', 1401456386),
(277, 40, '''Aspernatur eum tempore laboriosam eius blanditiis quia.''', '''[1,2,2]''', '''{\\"count\\":[12],\\"user\\":{\\"id\\":[3],\\"displayname\\":\\"stefan.kohler\\"}}''', 1401461646),
(278, 38, '''Possimus aut nihil eos in.''', '''[1,2,2]''', '''{\\"count\\":[6],\\"user\\":{\\"id\\":[6],\\"displayname\\":\\"nikolaus.keely\\"}}''', 1401463561),
(279, 40, '''Et aspernatur ipsam quam enim molestiae dolor quis.''', '''[1,2,2]''', '''{\\"count\\":[13],\\"user\\":{\\"id\\":[12],\\"displayname\\":\\"rdurgan\\"}}''', 1401481055),
(280, 34, '''Deserunt dolores maxime eligendi rerum.''', '''[1,2,2]''', '''{\\"count\\":[14],\\"user\\":{\\"id\\":[12],\\"displayname\\":\\"jordyn.schmidt\\"}}''', 1401459115),
(281, 35, '''Distinctio rem distinctio fugit qui.''', '''[1,2,2]''', '''{\\"count\\":[4],\\"user\\":{\\"id\\":[1],\\"displayname\\":\\"jewell.schulist\\"}}''', 1401486026),
(282, 34, '''Laudantium aut distinctio qui nulla dolor maiores fuga eveniet.''', '''[1,2,2]''', '''{\\"count\\":[11],\\"user\\":{\\"id\\":[11],\\"displayname\\":\\"qprohaska\\"}}''', 1401455921),
(283, 36, '''Earum sed veritatis voluptatem ex sequi voluptatum.''', '''[1,2,2]''', '''{\\"count\\":[8],\\"user\\":{\\"id\\":[11],\\"displayname\\":\\"lharvey\\"}}''', 1401453800),
(284, 41, '''Quod atque in neque corporis dolore officia expedita.''', '''[1,2,2]''', '''{\\"count\\":[8],\\"user\\":{\\"id\\":[6],\\"displayname\\":\\"dmayert\\"}}''', 1401479782),
(285, 38, '''Omnis assumenda maiores incidunt accusamus facilis et omnis.''', '''[1,2,2]''', '''{\\"count\\":[14],\\"user\\":{\\"id\\":[4],\\"displayname\\":\\"usanford\\"}}''', 1401483166),
(286, 39, '''Praesentium eligendi vel sed dolore quae.''', '''[1,2,2]''', '''{\\"count\\":[6],\\"user\\":{\\"id\\":[8],\\"displayname\\":\\"aric87\\"}}''', 1401475259),
(287, 37, '''Sed et voluptatibus temporibus illo quisquam itaque est consectetur.''', '''[1,2,2]''', '''{\\"count\\":[1],\\"user\\":{\\"id\\":[11],\\"displayname\\":\\"lolita.prohaska\\"}}''', 1401466185);
INSERT INTO `post` (`id`, `user_id`, `post`, `post_image`, `like`, `date`) VALUES
(288, 33, '''Temporibus quo nisi est.''', '''[1,2,2]''', '''{\\"count\\":[13],\\"user\\":{\\"id\\":[14],\\"displayname\\":\\"retha22\\"}}''', 1401451134),
(289, 41, '''Mollitia minima sapiente enim sunt deserunt libero eligendi.''', '''[1,2,2]''', '''{\\"count\\":[4],\\"user\\":{\\"id\\":[2],\\"displayname\\":\\"baumbach.jerrell\\"}}''', 1401485207),
(290, 40, '''Laborum quo nisi sit officiis hic maiores.''', '''[1,2,2]''', '''{\\"count\\":[1],\\"user\\":{\\"id\\":[14],\\"displayname\\":\\"alexa.nitzsche\\"}}''', 1401464773),
(291, 31, '''Quas minima eos et voluptatibus aut suscipit.''', '''[1,2,2]''', '''{\\"count\\":[6],\\"user\\":{\\"id\\":[10],\\"displayname\\":\\"aaron98\\"}}''', 1401454520),
(292, 41, '''Sit at ut ullam fugit.''', '''[1,2,2]''', '''{\\"count\\":[10],\\"user\\":{\\"id\\":[8],\\"displayname\\":\\"stone70\\"}}''', 1401475609),
(293, 33, '''Dicta totam nihil tempore est sint quisquam fugit.''', '''[1,2,2]''', '''{\\"count\\":[7],\\"user\\":{\\"id\\":[19],\\"displayname\\":\\"ervin77\\"}}''', 1401443778),
(294, 40, '''Dolore provident illo et quia fugiat magnam aspernatur sit.''', '''[1,2,2]''', '''{\\"count\\":[9],\\"user\\":{\\"id\\":[3],\\"displayname\\":\\"dena.barton\\"}}''', 1401445456),
(295, 34, '''Qui quisquam fugiat ut ut suscipit.''', '''[1,2,2]''', '''{\\"count\\":[6],\\"user\\":{\\"id\\":[4],\\"displayname\\":\\"davonte33\\"}}''', 1401471483),
(296, 32, '''Veniam libero maiores consectetur dolor vel.''', '''[1,2,2]''', '''{\\"count\\":[6],\\"user\\":{\\"id\\":[5],\\"displayname\\":\\"ywisozk\\"}}''', 1401441029),
(297, 40, '''Sint error id qui perspiciatis cumque ab eum.''', '''[1,2,2]''', '''{\\"count\\":[1],\\"user\\":{\\"id\\":[14],\\"displayname\\":\\"edna36\\"}}''', 1401449778),
(298, 32, '''Soluta est tempore recusandae facere delectus.''', '''[1,2,2]''', '''{\\"count\\":[8],\\"user\\":{\\"id\\":[14],\\"displayname\\":\\"conn.lyric\\"}}''', 1401452812),
(299, 37, '''Omnis non facilis voluptatem.''', '''[1,2,2]''', '''{\\"count\\":[3],\\"user\\":{\\"id\\":[4],\\"displayname\\":\\"leffler.tierra\\"}}''', 1401439460),
(300, 36, '''Quaerat exercitationem eius accusantium commodi.''', '''[1,2,2]''', '''{\\"count\\":[7],\\"user\\":{\\"id\\":[13],\\"displayname\\":\\"beahan.jensen\\"}}''', 1401439316),
(301, 33, '''Autem facilis et neque ut quaerat.''', '''[1,2,2]''', '''{\\"count\\":[1],\\"user\\":{\\"id\\":[8],\\"displayname\\":\\"becker.aracely\\"}}''', 1401440804),
(302, 41, '''Et sed eos ut temporibus nesciunt.''', '''[1,2,2]''', '''{\\"count\\":[3],\\"user\\":{\\"id\\":[11],\\"displayname\\":\\"nrosenbaum\\"}}''', 1401458818),
(312, 41, 'just another post', '', '', 1401456559),
(314, 41, 'sdfsdf', '', '', 1401456559),
(315, 41, 'asfsdf asfa df af', '', '', 1401456559),
(316, 41, 'the post', '', '', 1401489331),
(317, 41, 'feeling ghum', '', '', 1401489347),
(318, 41, 'post with image  ;)', '18', '', 1401528309),
(319, 42, 'feeling great..', '', '', 1401529292),
(320, 42, 'yaaa.. feeeling something  something', '23', '', 1401529346);

-- --------------------------------------------------------

--
-- Table structure for table `user`
--

CREATE TABLE IF NOT EXISTS `user` (
  `id` int(11) NOT NULL AUTO_INCREMENT,
  `email` varchar(32) NOT NULL,
  `password` varchar(20) NOT NULL,
  `display_name` varchar(50) DEFAULT NULL,
  `verified` tinyint(1) DEFAULT NULL,
  `firstname` varchar(100) NOT NULL,
  `lastname` varchar(100) NOT NULL,
  `gender` varchar(10) NOT NULL,
  `date_of_birth` date NOT NULL,
  `place` varchar(100) NOT NULL,
  `about` text NOT NULL,
  `pro_pic` int(11) NOT NULL,
  `cover_pic` int(11) NOT NULL,
  PRIMARY KEY (`id`)
) ENGINE=InnoDB  DEFAULT CHARSET=latin1 AUTO_INCREMENT=43 ;

--
-- Dumping data for table `user`
--

INSERT INTO `user` (`id`, `email`, `password`, `display_name`, `verified`, `firstname`, `lastname`, `gender`, `date_of_birth`, `place`, `about`, `pro_pic`, `cover_pic`) VALUES
(31, 'providenci91@hotmail.com', 'password', 'Amiya Klocko', 1, 'Arnold', 'Glover', 'male', '2010-05-01', 'Lake Jacynthe', 'Iste alias sapiente voluptatem nihil quidem occaecati et. Est delectus assumenda tempore ad reprehenderit. Est assumenda culpa quas eum molestiae placeat aut. Rerum occaecati ex eius cumque. Qui dolores vitae temporibus sit voluptatem qui perspiciatis ipsum.', 13, 14),
(32, 'shaina84@klein.com', 'password', 'Mr. Tate Koch II', 0, 'Gregory', 'Koch', 'male', '1999-12-04', 'Montanastad', 'Veniam libero quas aut laboriosam est itaque. Dolor fugiat perferendis aut architecto. Maxime pariatur ea quaerat ea et qui. Dicta accusamus voluptatem mollitia.', 16, 15),
(33, 'billy.stracke@gmail.com', 'password', 'Mrs. Berneice Stracke PhD', 0, 'Mckenzie', 'Hegmann', 'male', '1991-08-06', 'Russelbury', 'Et aspernatur quaerat quis facere quia natus qui. Rerum accusamus magni alias doloremque non. Sed est error voluptatem qui non et.', 0, 0),
(34, 'waylon20@yahoo.com', 'password', 'Mr. Arlo Walsh', 1, 'Darian', 'Marks', 'femail', '1982-03-05', 'Corkerymouth', 'Rerum tenetur dolorem quasi dolore. Et natus veniam vel dolores. Aspernatur qui officia amet sed.', 0, 0),
(35, 'rita.mcdermott@heaney.com', 'password', 'Garnett Lowe DVM', 1, 'Sammy', 'Bosco', 'male', '1994-09-03', 'North Bonita', 'Et cum quo soluta possimus voluptas accusantium et. Accusamus autem quo qui dicta in nesciunt. Nisi ab ipsam aut.', 0, 0),
(36, 'pkoelpin@gmail.com', 'password', 'Gabriel Schaefer', 0, 'Alfredo', 'O''Reilly', 'femail', '2009-09-06', 'North Betsyside', 'Natus voluptatibus quia quod repudiandae veniam laboriosam quia. Sint quaerat dolor sunt at quod. Ad ipsam soluta porro in qui consectetur ipsa. Reprehenderit officiis modi excepturi consequatur.', 0, 0),
(37, 'ydicki@ohara.com', 'password', 'Jamel Wilderman', 1, 'Clay', 'Daniel', 'male', '1970-09-08', 'South Reggiemouth', 'Fugiat et voluptates odit non mollitia totam. Accusantium sed qui cum tempora. Officia voluptas ut est qui laudantium quam dicta. Molestias ipsum impedit et et autem.', 0, 0),
(38, 'spencer.terry@gmail.com', 'password', 'Garfield Wehner Jr.', 1, 'Deshawn', 'Schneider', 'male', '1976-12-21', 'Curttown', 'Sed modi libero omnis. Nihil nobis veritatis consequatur voluptas. Quaerat enim voluptatibus molestiae blanditiis est vel eligendi.', 0, 0),
(39, 'mpredovic@grant.net', 'password', 'Billy Flatley', 0, 'Theo', 'Oberbrunner', 'femail', '1996-04-28', 'Port Emeryland', 'Qui aut qui hic ipsam sint repellendus. Adipisci quidem enim excepturi qui maxime.', 0, 0),
(40, 'delfina.ratke@hotmail.com', 'password', 'Clementine Kuhic', 1, 'Jarvis', 'Moore', 'male', '1991-10-15', 'Port Sandymouth', 'Ad rerum ut ut nesciunt. Id itaque praesentium impedit molestiae nihil aperiam iure. Doloremque asperiores id dignissimos.', 0, 0),
(41, 'lenin13bc@gmail.com', 'password', 'Lenin Hasda', 1, 'Lenin', 'Hasda', 'remember-m', '2014-05-01', 'dhaka', 'about me edited', 8, 12),
(42, 'akandshuvo@yahoo.com', 'password', 'Shovon Rahman', 1, 'Shovon', 'Rahman', 'remember-m', '1993-02-25', 'Mirpur', '', 19, 22);

-- --------------------------------------------------------

--
-- Table structure for table `user_friend_relation`
--

CREATE TABLE IF NOT EXISTS `user_friend_relation` (
  `id` int(11) NOT NULL AUTO_INCREMENT,
  `user_id` int(11) NOT NULL,
  `friend_id` int(11) NOT NULL,
  PRIMARY KEY (`id`)
) ENGINE=InnoDB  DEFAULT CHARSET=latin1 AUTO_INCREMENT=21 ;

--
-- Dumping data for table `user_friend_relation`
--

INSERT INTO `user_friend_relation` (`id`, `user_id`, `friend_id`) VALUES
(4, 41, 35),
(9, 41, 31),
(10, 41, 37),
(11, 41, 36),
(12, 31, 41),
(13, 31, 37),
(14, 31, 39),
(15, 32, 31),
(16, 32, 41),
(17, 32, 34),
(18, 32, 36),
(19, 32, 39),
(20, 42, 41);

/*!40101 SET CHARACTER_SET_CLIENT=@OLD_CHARACTER_SET_CLIENT */;
/*!40101 SET CHARACTER_SET_RESULTS=@OLD_CHARACTER_SET_RESULTS */;
/*!40101 SET COLLATION_CONNECTION=@OLD_COLLATION_CONNECTION */;
